station_id,timestamp,pm25
S1,2026-01-15 00:00:00,12.1
S2,2026-01-15 00:00:00,13.2
S3,2026-01-15 00:00:00,11.4
S4,2026-01-15 00:00:00,9.8
S5,2026-01-15 00:00:00,10.7
S6,2026-01-15 00:00:00,8.9
S1,2026-01-15 01:00:00,12.8
S2,2026-01-15 01:00:00,13.7
S3,2026-01-15 01:00:00,11.8
S4,2026-01-15 01:00:00,10.1
S5,2026-01-15 01:00:00,11.0
S6,2026-01-15 01:00:00,9.2
S1,2026-01-15 02:00:00,13.4
S2,2026-01-15 02:00:00,14.1
S3,2026-01-15 02:00:00,12.0
S4,2026-01-15 02:00:00,10.4
S5,2026-01-15 02:00:00,11.3
S6,2026-01-15 02:00:00,9.5
S1,2026-01-15 03:00:00,12.6
S2,2026-01-15 03:00:00,13.5
S3,2026-01-15 03:00:00,11.7
S4,2026-01-15 03:00:00,10.2
S5,2026-01-15 03:00:00,11.1
S6,2026-01-15 03:00:00,9.1
S1,2026-01-15 04:00:00,13.1
S2,2026-01-15 04:00:00,14.0
S3,2026-01-15 04:00:00,12.2
S4,2026-01-15 04:00:00,10.6
S5,2026-01-15 04:00:00,11.5
S6,2026-01-15 04:00:00,9.7
S1,2026-01-15 05:00:00,13.8
S2,2026-01-15 05:00:00,14.4
S3,2026-01-15 05:00:00,12.4
S4,2026-01-15 05:00:00,10.8
S5,2026-01-15 05:00:00,11.7
S6,2026-01-15 05:00:00,9.9
S1,2026-01-15 06:00:00,14.2
S2,2026-01-15 06:00:00,14.8
S3,2026-01-15 06:00:00,12.7
S4,2026-01-15 06:00:00,11.0
S5,2026-01-15 06:00:00,11.9
S6,2026-01-15 06:00:00,10.1
S1,2026-01-15 07:00:00,14.7
S2,2026-01-15 07:00:00,15.2
S3,2026-01-15 07:00:00,12.9
S4,2026-01-15 07:00:00,11.2
S5,2026-01-15 07:00:00,12.1
S6,2026-01-15 07:00:00,10.3
S1,2026-01-15 08:00:00,52.0
S2,2026-01-15 08:00:00,48.5
S3,2026-01-15 08:00:00,13.1
S4,2026-01-15 08:00:00,11.4
S5,2026-01-15 08:00:00,12.3
S6,2026-01-15 08:00:00,10.5
S1,2026-01-15 09:00:00,44.2
S2,2026-01-15 09:00:00,41.7
S3,2026-01-15 09:00:00,13.0
S4,2026-01-15 09:00:00,11.5
S5,2026-01-15 09:00:00,12.4
S6,2026-01-15 09:00:00,10.6
S1,2026-01-15 10:00:00,20.4
S2,2026-01-15 10:00:00,19.8
S3,2026-01-15 10:00:00,13.2
S4,2026-01-15 10:00:00,11.7
S5,2026-01-15 10:00:00,12.6
S6,2026-01-15 10:00:00,10.8
S1,2026-01-15 11:00:00,16.1
S2,2026-01-15 11:00:00,16.7
S3,2026-01-15 11:00:00,13.4
S4,2026-01-15 11:00:00,11.9
S5,2026-01-15 11:00:00,12.8
S6,2026-01-15 11:00:00,11.0